scenario_id,P80,fines_frac,oversize_frac,R95,R50_fines,R50_oversize
0,92.04232285946495,0.16531624070548043,0.09375536260875277,923.4598827415806,827.5594666382622,401.1611240006567
1,112.66574642073839,0.05530755897782755,0.16071728239038532,213.94462390704064,231.96235365239238,109.00556656569233
2,91.50864392918386,0.18533496381166623,0.08859373072954635,915.7371891038329,833.1843988908532,422.24685368663967
3,150.7109357987527,0.017004616434485545,0.41830508007524364,464.2867293399576,567.3889693149049,257.87310838702354
4,126.14747692658693,0.05079979298718943,0.2454526551693351,213.45923599188328,246.04089390815224,107.29977205435507
5,163.49061517837438,0.010186375491823016,0.5122149510733709,388.3539313411853,486.98278202028797,217.9044332031849
6,172.48063535926588,0.008059416563532618,0.5959328926497984,348.31307266308664,451.52648079296955,190.37888105619177
7,211.68813760709406,0.0024180702598773415,0.7745882714616085,122.34788095343197,199.8635865164566,75.93271405173932
8,174.5496030604669,0.006952395670154865,0.6070322302956677,328.26685899438934,459.1450550199491,184.25347982294713
9,142.57431009368005,0.022928719872315817,0.36827958073347083,485.4519150691172,567.2138504402295,263.5105989085545
10,91.02130383490334,0.15844412010485598,0.06549032139346904,928.265652472057,819.0126605842606,416.26895202962356
11,174.96330001113552,0.008073384836241404,0.5805658098028355,146.54496008454495,205.63746484657028,83.6532540194541
12,105.44924716047895,0.10823105569385971,0.13164515742019609,827.9735600169196,782.0876426049375,360.0231869691714
13,196.60508613521915,0.0064973052512508275,0.6648660581992543,427.3759818621191,589.7236510901502,229.85277932420908
14,108.05316504794489,0.1276088687238304,0.1684859306755956,158.97359082406982,204.2362600539207,87.28566161461447
15,144.22753823592356,0.01925217578247572,0.391432709578414,442.36938753922703,513.3917758280851,233.74867481139736
16,183.38462072434353,0.004892747242439384,0.6554291440616428,44.35989498984916,60.95094164092355,25.681516081354104
17,102.63269026705632,0.17259660964848053,0.15578169481845502,187.32170169175944,212.22553487864073,84.26783149751442
18,194.82582792002788,0.00336699518131286,0.7091826879316875,42.286761185016964,59.03270202963944,24.676684322805915
19,198.98679654761634,0.00402769533123248,0.7140530530524072,90.73223755909096,159.49067414893648,57.525301651196855
20,108.71525235010473,0.12959913246605756,0.18543256435967673,176.17922615202983,205.07501804755088,84.00729774033216
21,188.44911823474192,0.004639852612588035,0.6650972527263229,308.8877748397741,440.46091600321006,174.1751065062834
22,179.90078289153988,0.006344700225849246,0.6071715369702672,114.39085323742358,175.33784072894218,67.10075005643803
23,219.45600012027884,0.0031838849227481558,0.7873398527211207,129.07393579667837,211.1411375571405,77.20117377457663
24,126.81931933978233,0.03258644527898676,0.2500537472028647,67.23528668813573,79.03157313615753,33.750588001895125
25,149.82291801065676,0.016711050182242445,0.4243401372294488,59.85529183820733,74.06054676970379,32.88966530796561
26,101.52594314171421,0.11296234711699428,0.12266129573903911,260.51612999157106,257.90636809933335,113.46825524862061
27,188.3724703449328,0.006414972052833534,0.6381744181814765,54.86055228482282,73.52775388490794,29.869873782347867
28,101.78892418716968,0.13384213553918373,0.14946453602433582,289.45298412363303,284.50185150682074,128.9349749498522
29,130.58553540783535,0.04148451599359982,0.27581224804074084,81.71947693281346,87.17584861254028,34.95029278629743
30,147.58783748867071,0.01716288302793956,0.40581122347823184,62.20139943997243,75.79377965498476,33.245302409633
31,119.86911624700538,0.04102501030212783,0.20368813797469829,69.00170466922434,78.03056314507978,34.782900234629956
32,140.26727433755838,0.03644832965713642,0.3412665041800653,166.3060859164326,215.06305032790385,88.97564554274295
33,89.64087845774729,0.21162356982446925,0.0996921610934212,126.43588177631705,112.87173274678895,54.26382440442196
34,222.97700457528595,0.00140916240586353,0.8082544659695591,82.61329940342851,141.95266470007817,50.02044005911862
35,211.9449234428629,0.0034278944956472293,0.7628468008090629,322.91451413700787,485.8824110838952,186.56052909682373
36,94.57751500445175,0.15816010895774843,0.086593052908724,916.912747048786,823.039695319654,413.98226077945577
37,228.10866066190079,0.001063748071945738,0.8286097493983102,42.755915290984554,62.96011076845337,22.483423439943493
38,201.34076365960877,0.004649763314153458,0.7129132357612032,382.9720490527716,579.2140663455544,220.65316408369563
39,92.53065288794414,0.22949438967830058,0.11757349048092795,321.32809523622706,302.3326442044329,135.75722824665613
40,156.95265086166796,0.014595458133648114,0.4612210434575063,406.4907984767189,497.17770954838517,226.00392857166833
41,92.66291125511816,0.16210681746735534,0.08586946808320589,906.4108456047965,818.4408241120519,411.2380153227032
42,147.23594558632809,0.016051245553894422,0.4022863352684752,117.71635062028231,165.23535791253187,71.35314771345581
43,105.63283253623591,0.07255914794722652,0.10916976374649644,645.3800055418664,641.0713148930673,306.95511697465776
44,130.39674116828982,0.031094496318126136,0.27245255421320763,541.5547716858173,576.9066697446327,265.57794393255625
45,93.89931602701525,0.15863343945658984,0.09074065048983093,949.2163122980401,852.3285759678519,419.6986078069979
46,140.9839491001712,0.023058489399275198,0.3633076037708263,441.5569697917565,512.1082740630301,232.2789338174066
47,216.09812680865676,0.0024259007361331878,0.7586768760061214,128.15459018228844,205.40155461386942,77.74595155256968
48,206.2263411510114,0.00451435829110394,0.7199618027433105,46.787678917822426,71.21530508175617,27.038520701545355
49,170.53737439262542,0.007019144214443526,0.5766163913352796,82.95482590239038,133.03349550270406,56.602634114411764
50,158.65522874449778,0.024553622565793205,0.43665461610330514,502.72352410100115,588.5402301965929,254.22904550417283
51,104.19007728955357,0.12154713816772571,0.1421476093299083,737.349718826474,694.9140460267781,326.7299063767561
52,145.13457616436082,0.018919570504447158,0.3903680270369502,122.20111081093263,171.33535612679034,74.6623218124134
53,124.6954839163659,0.03797276666127796,0.24358896684990794,190.20709359656635,223.7665369126562,99.02661742116395
54,200.41274439479366,0.0036216375623587906,0.7165566534526461,91.04785141348809,157.04845387670227,58.151221387834816
55,175.60512114160971,0.006999109557324569,0.5854540938982306,151.67422603894548,212.10715881652607,87.23315373888848
56,178.86609542585197,0.010088136860787288,0.5790009167134654,439.01764819201316,596.4177544371742,236.89247473449163
57,83.5929122913147,0.24243727498520662,0.07178695388847887,989.9055459481947,847.5609566105674,397.46547278594716
58,138.65355350545133,0.02421467320384262,0.3459787673833559,528.6979200732884,596.4157253608611,269.6300980797933
59,125.15713377373442,0.06997333011643415,0.24817818326343652,84.6340600952031,86.97123581315769,36.963538519753065
60,202.65428707612242,0.003226068134678886,0.7367696581123337,121.12507126584823,188.94897280050682,73.32413211243114
61,106.69524120112256,0.11156169364572437,0.15110692336334808,150.59231610722006,179.82003427161786,75.4340307351976
62,198.88753379152163,0.002806832553340544,0.7060331351481857,99.74181365913381,163.75536060395982,60.521085253021205
63,149.2315062436915,0.019751263466778555,0.4112972122443581,124.61183663162717,180.61120633523925,80.14241200565083
64,83.69460025948267,0.21617248652100274,0.07051921858689829,1064.5913247991812,902.716572104538,480.28116820741906
65,143.82689811468836,0.020236337255044427,0.38175160965933025,476.9624528573004,564.1427280551575,251.30672323793098
66,98.12883798071914,0.15190660328770056,0.1127454423990989,906.4521274638879,820.501032166213,411.0713465899866
67,226.33998005783516,0.0017438125763317876,0.8173246458334789,85.47235378926187,147.25285310141916,50.3757145398888
68,151.19434321863343,0.017056323300168905,0.4260841994157085,486.82098803324357,586.7122931186041,254.1284031927014
69,198.98132514388737,0.002038489315535084,0.7241168876919876,117.81783453736104,184.1709613283749,72.40213364145235
70,124.00305434079753,0.0360919709888968,0.2493541906697243,553.8274830100321,612.690359365686,284.5461360077548
71,85.39506691019521,0.20415262335780096,0.061182494183875884,968.3070780485308,856.5977213090376,424.58083866913904
72,99.91792798199349,0.15992912214790203,0.1428386748607776,168.90065087362225,190.27738519391667,79.1147787655209
73,124.99507872283016,0.030566829724244824,0.24140703302210356,524.0664658250715,579.6934380159342,272.05091993492215
74,192.10019252371958,0.008228939117556592,0.6548564848352292,57.88318444665347,78.53171645835748,31.414493787786785
75,169.0046498122872,0.0092923408603353,0.5396112921886235,150.21550743843105,207.60710457195304,90.55386011266796
76,126.83323535187095,0.07179171690146528,0.27215783831190943,218.90163851049329,242.7992673518297,106.43979414018345
77,144.2654626187008,0.023359436661878733,0.37733030879850854,525.615162190928,609.2089651492454,262.7007946583794
78,183.42797943503845,0.00763182481923836,0.6145945714132434,54.15302073913634,72.64557128336648,29.554175192633206
79,119.53587039775412,0.041913420073432205,0.19982535201269067,540.5082174596799,584.8753032689086,281.0833283939039
80,227.97052408169097,0.0015695030797180326,0.8359726418594834,39.30657912362219,64.59592967952543,22.821487753728874
81,118.56477447246188,0.04544939082401081,0.20889982471110516,208.5416168371953,235.02083354296792,110.4482970483639
82,174.98364173336392,0.007687823103953494,0.5899283120791469,359.47093370107206,496.0075434551004,200.372986340938
83,163.89311246802777,0.009378691817208237,0.5241276651822493,151.23013594749483,201.606026291932,86.98123747076176
84,88.54795050695422,0.18398822333618323,0.07825743116737605,916.7476740078873,805.1241421842755,410.6695730004291
85,115.89621810389413,0.08363149625371069,0.20218968260155804,91.61909068557965,90.47925259477547,38.2284766321606
86,106.69484676382756,0.1488257873672319,0.1746234761672318,103.35463511243093,99.77080907925047,40.260475284381194
87,100.52847839610854,0.1794334314932929,0.15526640335779865,295.4565100455762,285.90572239000977,123.43515045265256
88,133.11751477688043,0.029765587029757627,0.29329267855533286,71.05699040566225,79.21829386413306,35.490389370640266
89,212.7103479739898,0.0012717319354909728,0.7658690813614234,46.47917857942943,66.10523906598786,26.575405717913004
90,120.13367248375738,0.052153663510115696,0.21998121454604813,147.34421897516123,186.57421604352757,83.0884717631665
91,194.01852946976274,0.0036527299753975583,0.6996450680350036,119.60304209665895,180.86348599937136,72.10868597135341
92,184.10387628728049,0.016617028187553604,0.5823681118597586,65.85764450299756,83.21024991671682,34.140380108561
93,116.84020991378425,0.07167396486664208,0.19109652670215468,239.2935888479814,254.62495634730905,112.39084404844846
94,186.72269632300197,0.006481709138398723,0.6256834172646658,149.52169371360552,217.4588674994537,88.06039104573672
95,206.38708040656505,0.002402206564620448,0.7314860897088868,131.60483580981722,208.54442451102386,78.97087367855413
96,117.95510161141523,0.0778175797640873,0.20243898380431846,133.38842379901942,173.94884896708265,75.3442398335197
97,85.58148436338375,0.1938132569643066,0.05624629217703119,984.4114452688104,851.4825829508503,447.430646522901
98,145.37674067268586,0.015861673820055683,0.40524196096799825,435.5422622815325,505.41028007531787,227.76596973714763
99,214.5401046714411,0.0015930599480131326,0.7821991412443751,46.42387382740956,68.8593350040155,26.53299472135308
100,119.92100815666095,0.043772431063436784,0.2070948596846471,672.0586303493375,684.1732027948213,316.0541125892573
101,123.6367342223162,0.036997956261411724,0.23333845302326214,72.40477076910587,79.8084584072261,37.46643149784446
102,119.03365190703244,0.04872173307804598,0.21535435609885523,540.0339532621757,581.2935578646703,272.516807581911
103,100.04328698036738,0.13543966974186064,0.11661560008603482,790.2935461123874,722.8516460240127,341.8984688140158
104,96.29383741219097,0.13268546741194873,0.08923980747246145,863.0655790746747,779.5605475964534,384.11705162560844
105,156.79981830005923,0.012374806375944377,0.462697766477989,55.6199276710579,73.634652092769,30.83154806746788
106,185.1612888067472,0.01058152370197004,0.6023534747387994,152.21737665789863,216.74398170096222,85.55423160815633
107,107.5552677120322,0.115247217563527,0.16206862877922054,147.35963997562746,182.45746208375613,74.45297361131793
108,185.19293372467448,0.008778933792596118,0.6035847633966429,436.19165738057274,583.6623263787336,234.17255533152866
109,163.83906855906164,0.009980166595746742,0.509394226962627,107.07387596177959,161.96420530097814,68.1568834444295
110,196.50354977057916,0.005110207643792126,0.6606105249123916,113.58377217167201,181.57575212156192,67.56763943706143
111,212.19488514042936,0.0027041755678580866,0.7753995893847124,97.13730419574661,157.27831931966082,56.7146746271607
112,114.36447346768541,0.08515058396866965,0.18472926595761627,245.16585666264496,262.5302749572437,114.77106629461495
113,90.95056874007777,0.18721387417609406,0.0954703731940124,319.0604508252952,299.05213053921807,135.15840030372502
114,232.22416905237665,0.0014335411432930382,0.8373003842126359,42.829449423496584,67.06267566710501,25.703435867668432
115,144.17788550838725,0.01644912408192668,0.38788466539476607,495.29345312433276,583.3360878929257,262.0354630244531
116,105.60143365071958,0.10502827267853669,0.14458929914384333,263.86748992670306,271.54112510277406,125.10501668792183
117,100.7908894309317,0.13748871195228946,0.13047195187949576,159.32285545773559,185.61911441464272,76.70301520750577
118,111.80408613517666,0.10280747437045597,0.1749418035207,147.41618647744792,179.36022838133752,75.2099907109042
119,170.87559565196725,0.01831660240502764,0.5118602079220737,104.30433491382716,152.5374646514886,62.123540008155395
120,176.38009313951207,0.007671559562490202,0.5785425235187205,49.76389501574744,68.91689281636599,28.5362649481726
121,140.07053110282197,0.016078420586814583,0.36198092119187786,52.23998769753649,66.3234178199278,28.140302998653908
122,159.658356161593,0.00941620505116513,0.5127414938168634,49.5442975787949,62.00835723340143,26.884263453607655
123,99.92961347155784,0.14259214891206765,0.12461378293915142,306.52107274620624,307.36446566835804,135.03598699097208
124,229.68095854089879,0.002171534440435763,0.8181335475143695,122.21320995968433,209.37019896561438,75.92457081841017
125,225.11668337506708,0.001819755065159753,0.8214883117750101,84.62023608489092,147.41496751131191,51.17167168242761
126,104.12947650209439,0.07646398109955724,0.10934477943896831,663.7942295920789,655.7975025908182,307.34888526685796
127,111.63849494777689,0.07922504493637744,0.164817927485848,243.05760915373935,257.43740534566746,114.89275894254139
128,190.8797782235287,0.003934793579555542,0.6860252620324561,125.42716507238954,191.34352956061005,82.08053226128108
129,141.56308717006075,0.0171992221247538,0.37236719054834894,486.7882457309909,580.8843740082027,261.252709874754
130,218.38324103955688,0.002327978473135085,0.7861138941208369,107.68921610593883,178.73161816307572,63.98238820712016
131,168.57621031083917,0.008581255554768,0.5381603894372496,52.11217161815938,69.885931795254,29.12313849992991
132,131.33156191975021,0.031822833310151205,0.28241547043512666,131.4534954600982,177.38383109148967,76.67893837214092
133,131.165404424169,0.040070926079875606,0.28088715515560886,113.04332081794094,148.80092774416812,60.69728802729304
134,168.41783201658166,0.007967664768432206,0.5700691782863162,349.5894247241736,471.00732550521997,192.37321671562594
135,186.45658133029474,0.006831695403340933,0.608774889512542,112.26419655894767,175.2991941501903,68.63383261326041
136,182.81317708399592,0.013491134607920875,0.5877789148616714,154.38684270739486,218.81855801019617,85.25604780415442
137,110.58817219751774,0.10870207398811449,0.1645866959716573,814.2375800567919,754.5559792792557,380.68068847221633
138,96.76035996880289,0.1630046907167967,0.11401257397224167,165.68393270643477,195.79373225837628,81.49166334566112
139,151.18462914953136,0.01228915933705,0.44837588273189427,456.1265201179317,567.1956053618393,243.14538632477385
140,190.07695256525392,0.0036417292950861025,0.669880346702752,95.76994493335253,163.41353791858918,63.09217494502303
141,118.21917280604161,0.05649732906939714,0.19445965521721517,80.14649034447145,86.13719182742972,38.03673571999653
142,156.93476727296863,0.013023234137146684,0.4708255328798179,163.96498769573017,211.4720420876789,95.96188959153899
143,104.6973146318506,0.10282781937530173,0.1243250401009637,772.6467262310947,730.2476292893886,337.9986208872931
144,167.15120346276117,0.008863267626331094,0.5337586290317109,86.24985625366742,134.74494276028176,51.23400820156012
145,159.1241556845621,0.016172416290562378,0.45699479963001594,53.257433881667566,69.60683928150382,29.800147453325945
146,90.21156680908126,0.17688603473368258,0.08945378430513296,326.5747348501796,292.6756469443866,136.3728471100228
147,182.26930056017076,0.009601866150032255,0.5892127973640774,451.48621277963656,603.9270620385678,245.8315210468003
148,102.30729256008236,0.12393076685449196,0.11839569406774349,849.2384150367633,778.7587115919933,395.4507314774596
149,189.6485697167142,0.012869948094798843,0.6368705224956458,62.01282135269795,81.00702355255756,32.20831038421102
150,113.54368663277005,0.09920880731496362,0.18987578238856415,142.9648958698891,173.86485888872028,70.55809671572264
151,175.36170506107683,0.009531598455977848,0.5505985056984796,421.71960022925305,571.188959560062,231.23985216554684
152,151.19220318888068,0.012951751396899469,0.4557407846565866,152.10097661407175,194.06863032646518,86.33211891256593
153,132.3788136908623,0.026598725885595056,0.2956321937693715,70.89509930932037,79.70502319697066,35.513161234265205
154,119.72934682221228,0.04099177778392973,0.20397438521033398,643.558692424307,651.8339759416127,304.6354571738807
155,195.51694150931561,0.005256507839064692,0.6758720958517678,385.68210354682077,560.045173898559,217.375723167627
156,95.95571235664842,0.14466422355344427,0.09993391225076877,103.05837610336057,96.72308868394693,43.24902602717875
157,158.09319219039392,0.011928264173988151,0.4707299173740822,115.2810998810154,170.10870070230388,72.74924104635748
158,97.959736864045,0.14450019494342403,0.1087068333852673,287.5510837299357,277.8918452767927,115.98632973996718
159,206.28970173541413,0.003797302640264492,0.7156138235018453,140.23845531606466,212.49076015622572,82.31887923389012
160,123.73285165663192,0.04112346939728561,0.23229095015465184,594.7305634177663,623.6421468932753,293.59424207861264
161,96.60081184410149,0.17180755305568632,0.11935631514392091,921.5920388006126,832.5662466396903,410.0679346333686
162,165.1962662019608,0.01464182750798995,0.4996298182325531,454.00277140592135,579.6526002193614,245.36342370570517
163,85.76716570660643,0.19967144478762447,0.07367751917226473,999.370710946606,857.6717175948999,424.62201996161576
164,127.9942581189586,0.027413846003772113,0.26090126211340436,59.96741240116186,69.93828948853522,30.380395716012377
165,103.72144933632507,0.13892876153089082,0.15130774376963946,97.68810342359866,96.1827667038145,42.43879058476181
166,153.14463100916956,0.012824493869807843,0.4415181781601114,55.69014739260788,69.22419352237334,30.646529950051185
167,85.22012884526457,0.1845294905182803,0.05620931214057346,980.0720904931864,860.4278537615972,408.4306344350871
168,183.35994152036733,0.014026602501823332,0.5944805590730277,66.2259345810548,82.53782704768817,34.14689757347776
169,170.18947785140554,0.01182273517254137,0.5534501494187721,119.56891852950314,177.1672733259057,68.77438368995635
170,210.22832092911008,0.002985344545536447,0.7719301322903102,320.2421396761395,470.9726912842116,179.14114069855907
171,160.48061454651187,0.014450200484302836,0.49049130075338,157.56968694647796,210.73731667219135,87.24924653889514
172,106.6096996385437,0.06411930651014265,0.11550144241511529,619.3759377618561,605.831522534449,283.25622555941214
173,179.3636339839918,0.005760822284491672,0.6224584322099235,140.28591447136986,200.1092630124323,80.23467266205334
174,174.8951519202841,0.00562471162766447,0.6005021920116485,103.64631457352333,163.22843079338696,66.9535705807581
175,208.16968646282456,0.0013945960031894673,0.766854401463578,41.69335742633311,62.52242662866087,24.511820566941562
176,107.22069690062777,0.13120470687375516,0.16865213693872785,104.60507312898199,99.33985487202524,41.210888871990484
177,116.62924726908263,0.08584113207777982,0.19902742420500572,96.81422725357037,98.4800390947687,42.8410137062354
178,120.98532591601338,0.0503380322962532,0.22495270280544555,136.51866857872167,172.50079546323954,75.80558886089615
179,143.06251316429427,0.02533730868067907,0.36384916206652224,103.04548523473959,145.79690905334024,61.07578062843775
180,89.04434115960048,0.2241559967556864,0.0889574878447758,943.2080217978586,826.0744675255601,407.4767596969689
181,136.60857149512867,0.026425146750107136,0.32331083983359826,125.97131832440402,178.02178554925402,76.36747717731357
182,108.47449168411941,0.07307049361869973,0.14350746046144955,158.37840409128833,192.4275955516707,85.52188778892368
183,108.40802312498379,0.12551036676346106,0.17571699581846142,155.46403613890917,187.41040234238008,81.14579454820209
184,93.7487034351441,0.20834678830627304,0.11591938509912887,332.611986986963,308.70556667124123,144.2465013871083
185,94.33397373242393,0.19824602411816783,0.11135815953416443,981.2338896599518,862.2298855564962,466.43749410443064
186,168.66862017497365,0.011406251713047717,0.548241268424167,158.6559908371532,225.0295864957467,91.30365256411527
187,186.62479171745576,0.006546811929932235,0.6122985802101696,54.667146686705216,73.49957071996188,30.115470916080245
188,164.81119672444774,0.011025551625494604,0.5234471707784437,439.4188950679659,571.2401507735767,237.45922345085705
189,178.1792714600955,0.005583475514411182,0.6181372106272492,137.21520513814596,202.86252573432526,81.23884595095912
190,173.01023603037166,0.006626607907197168,0.6014468190867374,126.89312833691753,182.382346519831,77.35373109838429
191,167.7026866788235,0.009380588034188897,0.5545185449741342,407.6668784178067,547.624135159669,226.27893525231215
192,133.21574243705467,0.030664606796698617,0.2991988962444555,528.9157640281499,589.9627707442772,267.20921765080544
193,235.21041540806047,0.0013767039194853448,0.8475667162659182,94.909733661847,173.3496318676017,58.65089789001713
194,139.2849900125426,0.03402648214880951,0.3342618820409194,112.48608338864108,151.51483575402708,62.10503125960549
195,130.42738267593023,0.029307030269546425,0.29340466655107184,508.3387021204371,566.5639018942305,264.1359283747296
196,230.64923164346988,0.002010189069367904,0.8330765999972881,122.62373206655413,211.71615624951178,77.08508016214928
197,172.13366193568723,0.008695048205294468,0.564370287856487,151.70374475056164,208.524208188217,85.77371764335338
198,192.57913915531307,0.0049551520298145675,0.6934601049698265,326.4374803635983,473.68952126095655,180.2343082232139
199,104.48934560287286,0.1164044535295779,0.1474553199951816,267.63911555362307,262.3223803394682,112.14865874651962
200,81.67365337382205,0.2370489108299567,0.06330092194315086,1081.8199790043966,919.1934624110036,492.0204557121103
201,171.8624773799792,0.007761853258396351,0.5574571629241717,48.91448294861922,66.50945576880532,27.423479273519444
202,202.15855003058107,0.0030690503795650277,0.7224877996108736,122.33522091755299,197.57522161354476,75.48161917029182
203,106.73903298490809,0.07451350634716315,0.12186326360908327,643.9530174378996,652.575464927285,309.4505999094851
204,198.28492963144376,0.0032413307135762963,0.7233529215882041,82.25936853072248,133.34582123010986,49.59482404070954
205,90.53289454212717,0.15425800475527826,0.0781101267120985,111.71408979615632,102.58815475689072,44.67535342491474
206,105.68783472517161,0.1177025866694296,0.15500672609131624,840.3380593598894,765.4904964695539,383.3502437668265
207,94.75151006104181,0.14429105140811258,0.09521693468550955,294.96815484395194,283.8546780632143,130.3125678361552
208,159.4624524097347,0.008965380560308121,0.5126246338947243,49.64744473056161,62.492101149631615,27.17387175651803
209,190.0283736873786,0.008262151108747959,0.6319957558916496,422.66957912774023,570.2544161565362,227.73671232387846
210,159.7285476317666,0.013420175388545992,0.491017696281875,106.74356687671501,166.8730374723102,68.7314296667666
211,83.11825506321105,0.21156531357121508,0.052482002682547414,1046.9965717501743,893.7443062153297,451.7050245535017
212,106.19987558016317,0.09909039957630966,0.13574551536098214,105.33458102007539,102.1193246750944,44.48781773891428
213,108.67127663927174,0.10522608619511814,0.16968823047032663,146.96074654717094,172.83053546638794,73.11154510923325
214,165.93072604162896,0.019202277850959095,0.4989252712118389,488.29106946787994,585.3186476339673,241.20746462355478
215,102.00315638953134,0.14732909706772113,0.1377201868635974,288.3579928278061,293.16986575034156,117.80098938533763
216,83.02258773918881,0.24706688899030152,0.07285647967819316,935.1340072430538,812.5427592543127,376.5918075286026
217,223.65777636401512,0.0016190728566604588,0.8194027004120642,45.768051130036135,67.89938239512546,26.120492556719018
218,138.76308279909935,0.02762064041222713,0.33098340789928676,512.8416747079197,580.8738796362281,261.2272666695725
219,195.84597468580932,0.00335416879759408,0.7078449352172257,120.89580980596467,194.48153663109815,74.22618808062832
220,233.55714014447798,0.0016081440676413742,0.8471336138469948,43.11612324779548,65.14623968009529,23.997624343224714
221,183.33891896561582,0.009584029541152103,0.6047605215886511,414.4313922765291,583.4871081434035,232.62695612467212
222,98.69845002361733,0.14183835667978603,0.11021816185572142,864.7079687222946,793.7397269271468,389.4920802987669
223,174.77827262217033,0.011356562502844789,0.5361962323180874,437.0196104270893,572.8338861383618,235.5407110388659
224,156.0509949941095,0.011189829357759378,0.46384147558389444,156.16562069406942,198.58867675322622,88.91093412162695
225,105.23213173815009,0.13077542590507643,0.14612914107756358,852.4587171065659,802.3906711521003,389.693206481933
226,158.71738671270444,0.009595581390678273,0.4904117730765743,52.51619224717646,65.69206906603542,28.820297584482887
227,131.58503665851097,0.026531272838707792,0.2992517661637187,506.231950470858,561.6557309881654,259.84933032600725
228,194.24135960097638,0.004013548131150597,0.6827021103078961,373.7415401523546,529.2367846196929,205.41268040510593
229,188.31195530488006,0.004219188861675287,0.6794985871634712,75.74934071393125,127.4858679411635,51.537711254697435
230,161.97567419040323,0.009533104180948507,0.5167048486778048,100.38059098599022,147.73509158014716,57.384522166258456
231,175.13925923817078,0.006653676964019992,0.6061066029494345,95.31688555603874,150.0162042116226,62.045013958229795
232,103.91758027717141,0.14007446307529584,0.15609169464069206,203.6890621422941,227.05477321150715,101.48773591243571
233,99.82421452060606,0.1413152283800564,0.1279510617756598,164.976437407421,197.88532710063407,81.95699360087787
234,104.33611811284004,0.1359716632054509,0.15110337566544854,734.6781468200521,698.1804610259668,325.42749650533955
235,156.58068982832688,0.010775963831109668,0.485265539245217,415.83356040824157,506.0994905154624,226.75988937995248
236,195.03409678176615,0.006248234081258089,0.6585807834578964,55.03763344585965,75.18017654225098,30.160988141069257
237,83.68053504311963,0.24258416546213643,0.06701588152461276,987.6134213625437,860.1143131958632,420.88269218845
238,149.62836948819026,0.01670838338322407,0.40986374209504994,172.24171471844636,218.38950230909154,94.31046688029556
239,122.64896324637341,0.03865196179509365,0.2298374103632447,76.98907371973492,82.35383595665222,37.51261181684867
240,126.51314527588704,0.03636677326131695,0.2538475951934488,580.6340994297656,645.1201504306702,297.2953483951995
241,116.44181826994827,0.0813218989075346,0.1980060741901962,235.8193816117567,260.28452877125704,108.41711200926038
242,89.36366073455581,0.1743294518049395,0.07411948368780676,122.32507672361275,115.09451441182988,51.43661335483813
243,105.07549282229068,0.11313919201011635,0.14741368422274653,260.69670031096206,255.12414856190344,111.42348888097193
244,163.60828043362469,0.008289643954849794,0.5219845314889751,52.36058877704377,64.72597087360127,28.414504037010904
245,185.15553405045523,0.004584561119850631,0.6628358758370476,322.6651983211953,453.6705437227129,179.83310500189273
246,139.30843248314258,0.020450459352957993,0.3430541782070371,178.54299680432288,215.78769828460705,97.78070586904471
247,88.41959284291931,0.17669098961602267,0.06549388038388529,944.174879924064,832.8644924908745,399.52582909541917
248,119.9133045158615,0.04037712224186229,0.20818437206136467,536.4884936979115,578.0036468533267,279.77995876707536
249,210.56207161872123,0.0031541685742455714,0.7566223976137593,327.8166586813327,495.3605357344472,183.44062406731305
250,83.23650884949457,0.2337025851344764,0.06914587824432557,1031.8752571911957,881.3648879935673,475.44331024783565
251,180.09440073332885,0.010334789714865783,0.5716268479008524,432.5424775343044,574.7360933233568,237.5648336038421
252,98.12394517926403,0.16114540129752553,0.12439459217789837,303.9526863784048,293.6407370066763,132.24224021638838
253,176.3094163782522,0.005840583772032507,0.6057446223638747,349.7564415596128,475.4214245130818,193.53549561102395
254,110.40805223284958,0.08342238900249303,0.14738711211888872,695.532641204892,687.2477474018375,297.20134619442223
255,102.02978444461901,0.14149495826539388,0.13546810436163081,159.1517832617179,187.02472212193297,79.43266746177638
256,211.1476518886271,0.002836392888696311,0.7798180876502959,327.49517257117964,473.0703653928228,185.81986577656846
257,197.55744555828767,0.005053148999510716,0.6863052638220818,51.124116070203534,71.66747535932195,28.295212567195097
258,101.05934071967995,0.12645226104272886,0.117638987018107,834.358013241122,784.4590658167663,355.9208873112748
259,110.70655387259207,0.10788825251302482,0.17623816401981932,101.38823742834099,98.95462026727317,43.687358529863864
260,122.72703334916866,0.04830762010683865,0.22839561306315767,631.4340026707175,641.3992815717598,289.0419898694284
261,141.77281769157113,0.024210639341267815,0.37645266435554064,463.6679688261591,534.4608284053284,245.38245352917272
262,195.20737090083608,0.006499205104437905,0.6410284740446356,138.1093661042061,210.64862177040467,81.32268728384891
263,199.14226096839374,0.005986440703638661,0.6843474143048822,388.6239480603524,592.7961286368003,225.8197845463118
264,214.640777625698,0.001315734588806495,0.7727323780158275,128.24066713232398,212.17841274578097,78.69124655219876
265,150.49389093710647,0.014663695240578622,0.43986329202717234,168.5669224041438,213.62066654145988,98.34657520160384
266,103.1323884127565,0.13544250131864516,0.1405109592255208,276.88916843528585,269.46294129816846,115.77836659670713
267,144.6423323251911,0.013948931708451193,0.391128777117519,55.632600400397045,65.58666797116958,29.00526412897879
268,127.9060816960203,0.03716347336210745,0.26946526718351,604.501825260617,636.6444110502251,294.40671641782757
269,120.51352269608383,0.06832910179073043,0.21336513347114525,210.8258102449166,238.3854245309549,103.88746087394924
270,136.52696050539433,0.02514095700304837,0.3284458528643535,541.6154593501517,612.3484039511202,272.78859307392486
271,206.47706140314713,0.0026378979409546585,0.7372066570312436,319.1233730914426,482.21261025549984,181.673271843002
272,176.65492514016933,0.00627273173045867,0.6157018197096537,93.72981006035734,153.2747539843808,61.80750532853417
273,112.50714140797034,0.11814802833459188,0.18194106375679153,100.83179511723618,99.50834946908908,40.44132713240916
274,99.38495839650069,0.14572285150884354,0.11143297144521029,849.5030418314544,774.6125099499792,377.6457384703512
275,106.71042380854108,0.11401858391030566,0.15578149055198418,293.18141149694856,286.922247099155,124.45901979203245
276,90.84949627875865,0.18705678721465172,0.09322898194592777,194.21954476696547,194.61719296565775,80.46177077129563
277,183.52148628620276,0.005386011352247113,0.6430854322319517,327.50874556658476,463.20670604155356,180.9825351978692
278,102.70506807924157,0.198912045410681,0.1704580809834819,125.12597231730835,114.25691316485357,52.22680033511398
279,126.27887241402804,0.0627701717664177,0.2585011103434851,86.39233890373818,91.39014592836533,36.384579325229446
280,103.07773322280326,0.14295448393964674,0.1504209456010942,105.0825753657211,101.24583470225599,41.81441362194027
281,177.59038401496454,0.006910666738101004,0.5902415528886312,98.3050300618172,162.43620255548342,64.70842009154569
282,171.14660852311576,0.009186274182835177,0.5517665336053247,154.10298158256577,212.5356704312076,86.23672850439294
283,145.85591981582778,0.020547169790452232,0.37812106754233565,177.96324639221498,220.64359379579022,102.95366181259112
284,87.64816674512518,0.2224526269269227,0.0882961364129476,325.3545200325831,295.4526614404529,136.22417571330234
285,111.8466297215228,0.10260321300071291,0.1897160260146249,179.74452982296933,215.98594524842292,89.1362825211517
286,113.76889681842812,0.07852149361391463,0.17648874354823843,692.2137025637679,702.0890804931705,320.1595253003891
287,176.83103983739298,0.008149201747072895,0.5824272471502274,62.45661472769439,77.64829517378944,31.124016046923938
288,117.65860872851442,0.04623004746154191,0.19574841323105666,146.0757778731087,188.1187890763139,82.19702731645327
289,180.19484774279758,0.006031003836053195,0.6263887656009769,46.75779032426706,64.98487865293359,28.30644440264582
290,169.77557974580054,0.008067710603439198,0.5729883577278381,143.69635739873013,198.19922726661903,86.23837915798931
291,164.52062724819837,0.015701445441781613,0.5087810022214013,448.44651282562944,590.0914856275372,240.4251176100947
292,194.07675026823506,0.0032562524824147608,0.6992519468858011,125.38520265666159,194.850734558574,82.21222693726239
293,143.15842671370078,0.017075529614395398,0.37906705137976876,181.07386229532787,219.69760872135816,100.19772786318485
294,220.42118706422684,0.0014616046910167803,0.8006911992970395,47.03575036890076,70.69078651277509,26.48767337857852
295,108.4273709247916,0.1281755736424963,0.1773975035393811,181.0389526396151,209.72446830059548,87.18639972954382
296,159.54924322343336,0.010550477595742722,0.48947963937753086,414.9407969666622,537.3899577711254,226.59080273010295
297,85.83311904498812,0.17768527878706708,0.047893403358233555,926.7650627040645,814.0983516597034,397.752301902532
298,174.66408357254542,0.006497383251208771,0.590248899416627,53.336389321297766,68.2891052026411,28.746541410019884
299,213.00090662495109,0.003333032559843277,0.7649549778117334,317.807796645084,489.3762258952866,183.7910500877748
300,187.54954044041202,0.00711244051210734,0.6261386802997548,55.9826933545175,76.56477323095974,29.821611518881635
301,157.76984050590346,0.010081369729564763,0.4949757281614862,50.57572261274017,63.68344198207617,28.542506695133643
302,186.90135573713974,0.0058467134990008674,0.6537596854641817,329.1335630195138,453.5344299207372,182.57819698066032
303,112.07836601056907,0.08485154169349006,0.16949530553369607,136.87163567091508,167.71059954710645,72.50811320440778
304,102.43274131591077,0.17507384387196412,0.1642700128088621,174.0351761117321,193.72815190534132,81.59381584223966
305,114.29409347040934,0.09491221098289486,0.18733009872418693,94.731309210674,100.11948889466437,42.112677607905376
306,170.2325685592548,0.008966585950147104,0.5475655580066231,143.91256151594064,201.51429681795068,82.40653268289532
307,227.9732962112217,0.0018250466216364572,0.8339736453273608,44.70375498823105,67.11830264469508,26.111381962142747
308,124.22584478957805,0.052051507384274026,0.2420808166109718,82.9778979320751,86.04808597668027,34.95464862671922
309,177.78337050324225,0.007131827148515631,0.5825370782522731,105.92873327706074,165.71277379463388,64.87650090629789
310,98.90990649802245,0.18994169421262677,0.14739878502526096,330.97248751906636,308.1483494051955,136.29035395646608
311,111.26215809410355,0.09287453612258613,0.1686998332636492,750.4403375445412,719.200388896169,343.21888751434676
312,163.44534030175038,0.010583222406219913,0.5146607917235905,473.3552075220832,590.1993447140966,247.38483334036073
313,176.16684576816692,0.01502355516006329,0.5472405072712456,125.93146194023599,187.3561226430421,72.76316435383917
314,182.03764790394848,0.01468211419295505,0.5915907713443959,118.79507034551663,187.60558663363932,71.83740697722378
315,107.21202957845333,0.10047884306511785,0.13871217191848037,265.80033511796404,279.2866805637214,116.65798852349042
316,102.9905325138289,0.1259741348571024,0.12964589894346898,289.49941332592033,283.62353951187646,116.7321493286285
317,142.89860110354866,0.021064935947105085,0.38184658704436075,94.69542203636202,148.71191479594196,60.85461665487963
318,80.50554176921277,0.2663895820109556,0.061298171243427145,1115.3211890960745,932.9716978882308,470.25946818087164
319,180.20883114508914,0.006066403008071177,0.6219727522687366,372.8248811839828,527.5098475207412,214.8665880687071
320,83.27694615727162,0.21287722218326208,0.05430985859665905,978.1591094136975,851.2099289762831,423.9682408072604
321,186.5574847649067,0.01009991468334036,0.6214476671154726,57.834790151267406,74.17062882608683,29.19143953642761
322,181.59657915841453,0.00536871758644913,0.634287713810368,332.4503293338683,447.7468598548983,185.91762430809845
323,101.23654837228156,0.13973260746203256,0.12396056276410111,814.4466373714955,751.5642806666983,348.9403227129831
324,180.12979014899193,0.012229301095815772,0.5881786441010427,62.58626513878294,82.18007752793056,32.62103845662323
325,115.05631054052897,0.08849611292734337,0.19300963436598148,94.60585225384891,94.51149546006998,39.53698052217532
326,189.85222561805585,0.004333621208066299,0.6830338997336814,78.73502218153521,131.99854587207938,51.741176261872646
327,141.02091049772412,0.01818785477885794,0.3636401960670548,63.51672265633591,75.44284107215887,32.39091621442494
328,86.53146104301923,0.2030818962714045,0.0755363406532761,125.86024326592407,110.5333862124974,52.55429814940374
329,118.4236062078832,0.0817088319648511,0.21289817979025072,140.98380249397607,174.9787688394459,74.49456105445121
330,194.4458370135892,0.004085790393680992,0.6842851386985062,366.1826129394461,523.2053567734807,209.7019619568839
331,221.8437397066239,0.002109037871404947,0.8136769515073276,83.42338641761512,142.27318752723068,48.0341283368391
332,187.29396950552209,0.005234345792510209,0.665177344305467,319.3933420212652,445.70373753501644,179.23201563111994
333,99.67448127304722,0.20580685890320818,0.1448808814324898,333.54990581041136,310.7326876497714,138.487150685862
334,121.73844078949242,0.06515641327055313,0.23145522675243527,135.6838132873436,171.12697498745752,71.3097451539888
335,89.44017456921779,0.21621829130592396,0.10034245448837521,203.02725744971212,202.11525898440627,86.88190419894325
336,181.00044240997693,0.005408664120013139,0.6399117948329454,47.75869078170874,64.1052351661092,26.276226119152785
337,109.85684887687034,0.08622185358301752,0.15264991568001055,751.3951487259225,707.0729926858107,349.8286072683058
338,109.72189942061026,0.09555377760285722,0.15915732484763723,257.44777551615863,268.0815752413459,116.80925999206742
339,102.25959806448414,0.1303137538338781,0.13092299501351093,159.27856583500434,184.7287887686871,78.85784272816336
340,125.84840244743502,0.03849895045958709,0.2516171219473586,135.4295313177801,174.9950122662682,76.25333181025272
341,184.5378394797054,0.008267099817481121,0.5929240451427791,96.03631205925085,148.16897677020532,56.24640236044459
342,94.86476093717181,0.18002082600689615,0.10649396284156752,855.6019089054536,781.2347637370073,388.19398714587425
343,144.0252767114615,0.022178011392027196,0.38332483845798193,454.8693172652,541.7643008109297,244.37392718045874
344,152.94749811006352,0.013862698980922425,0.4583335652682374,56.83656665869287,73.57731474871747,31.539075171790852
345,150.67422487491797,0.016655694025456972,0.42517152908491607,506.5983626231795,598.3616763587053,264.21635068670133
346,160.796398585697,0.01087115264230847,0.5068909123361899,435.78368901483014,551.2765747246893,236.23805904463893
347,178.42155876041318,0.004780240176947084,0.6194836770822874,81.40058797626104,137.6825715917555,50.363919670357454
348,150.62045960698177,0.011541229232522376,0.45655181272917483,50.91689157765516,64.54086635362201,28.411849747376323
349,84.23679622061194,0.26345162833452357,0.08027554049684223,951.7284288853419,818.9620037167537,373.460818390454
350,96.42044174050677,0.15680805309965934,0.11396345817701,292.98004426020276,284.40885242582317,116.79673593704565
351,94.49454234524133,0.20795216563903904,0.12816918810563513,124.32510647917115,113.80803846473513,54.58426933709713
352,193.55812054225703,0.004291643759853414,0.692739304371154,132.5087700255355,198.22470704988746,79.20022225348308
353,81.34612803468862,0.2576807451810952,0.057599832976806285,137.5198531247851,118.87065736503313,57.33852210498836
354,114.77342346199407,0.09155201043969734,0.19306658372583838,92.90169163438354,91.544365488089,39.888041969580264
355,92.24091446816642,0.20623457028387326,0.11802711646157597,309.57494116829844,286.6300376804058,127.33857740931064
356,119.00655517659834,0.046861190923305075,0.2062289630071994,553.0341052572549,592.4907443137676,282.790497954365
357,156.27466738340325,0.011424165833131314,0.4695248838883626,51.68047326131224,66.74374733109362,28.678145046290698
358,106.94435156828274,0.10709759075380915,0.14319879536312588,280.4665423875911,289.44040470284375,129.86262282715447
359,96.00029235804908,0.14325826390459084,0.09577962880435348,942.1062229222166,850.109615634976,419.71047074931107
360,214.90883349795095,0.0024480995937697088,0.7708282307473228,53.72361428763233,73.86674138523838,27.100113480351435
361,125.23010178157766,0.03369605585473425,0.23772685461460852,539.9020872511918,597.0478666702057,278.4127772373365
362,89.41643948636867,0.17248904367713921,0.06662290375815497,944.7303163916309,841.6617197849773,430.4297959420105
363,90.67234557497835,0.16695493113142526,0.06791940702388806,896.0318624552183,803.4776901635981,397.2167859602329
364,91.75447570626524,0.2113289091064582,0.11076226532643747,327.75018341199615,300.46538046797764,133.24246035073043
365,225.96021258815554,0.0011272686228684474,0.8223351825853665,122.60743949999416,208.78442068947666,75.80863622663578
366,98.5675287418232,0.1524392803502734,0.12142099745770207,124.81091486423763,110.49104459050231,52.29950951668396
367,211.9761686396737,0.002991268090306261,0.784168849718514,82.23986685104512,133.77964164065534,46.8204250330989
368,133.06057548099807,0.032332183597867166,0.2994836045255413,592.4037711640967,627.176494874872,284.2454066943956
369,154.48626419414913,0.019398046534642374,0.4362256001664832,165.04947452691707,219.3512768910028,90.06785304930742
370,107.0727351552814,0.1076965095926784,0.16085896917073575,815.6962253823654,753.0886245184105,373.262909868763
371,195.77872877325316,0.004126696669360144,0.6833448104883968,329.4035751588386,467.1182412872768,187.2489780016838
372,146.94213651529464,0.02025965074332345,0.3990850496461123,469.62620809953347,555.634731155062,249.4171553721263
373,182.76995112147247,0.011576144114505827,0.6035604340176675,54.320681234045196,74.0734509688807,29.82550336580523
374,122.93063510970133,0.03612025741797994,0.2295178245392128,586.1961164462327,622.1319438160058,286.45100571287605
375,167.85166362479316,0.00873292089359339,0.5384069910004656,156.454434195737,212.7678332894096,89.29555119398105
376,102.20715416767457,0.14035201489400187,0.14187772786137998,160.10060315490753,181.8205089672654,77.1292176610769
377,199.96544742816684,0.004330020395160541,0.7237932476406908,323.8047328966542,466.1096745607508,184.64430416598302
378,164.0446289785812,0.011601573152863738,0.5054203308335339,471.3109476668369,602.7102454150296,257.93656291452737
379,168.29302765615867,0.007249678946556197,0.539446769269988,50.50850095102283,64.90240444472992,27.288114219250172
380,98.658709174632,0.14008129202957822,0.10933934951945246,915.0415725198072,837.0823454776424,415.6504415693471
381,98.58003859725522,0.20344249508964984,0.14826500909438006,203.2737052761776,205.24841272298082,84.61622623554305
382,109.97426015222145,0.08166356838377001,0.15399828991181966,732.2921140752875,714.1691951834792,335.6978294042626
383,95.35350528694353,0.1746211501089576,0.12493652522559877,104.59054747566643,97.0726130395808,38.31037858952292
384,99.54739766625555,0.15319363863617994,0.13630894190674944,295.7004506672005,297.59078453394636,126.57196195441888
385,89.99929225160815,0.18766165733900186,0.09386815816101286,1021.5440118240648,888.3780556994465,471.00156095991923
386,224.3563505620773,0.0015998124684491754,0.8094913945315433,98.54977788188195,171.24463151973984,58.33432873310691
387,116.38334443679481,0.05071441223624661,0.18659841013639555,214.6154421344486,240.64027877921922,114.10535063201421
388,108.15827585578666,0.11516073516424297,0.1656149574433292,115.34330156996451,110.75243213812023,47.746611611624814
389,105.63366319473027,0.09798345184028105,0.12540426337351776,771.4458424784643,715.9130077415224,354.6001530654169
390,135.47190009183558,0.022359023499864277,0.3180735468357303,113.21962522481083,162.1535743453281,69.79295319545132
391,163.3237527714598,0.022258592473248785,0.460509516063258,171.38217453732327,222.31063807347357,95.34360786642246
392,150.261965214872,0.024795699726469556,0.3857348336800071,519.7827271023758,612.458159684018,276.00671777050616
393,196.53463437188535,0.00386126889868378,0.703064297477192,309.4386326701465,449.7886278806607,177.28488364513177
394,99.2247485304727,0.13378925993945587,0.1211553814917849,300.00896980102823,293.33205221633614,137.1489935812373
395,105.31157948231824,0.1182024089368905,0.14659492247347977,104.21738914955444,102.67503761505839,41.80920197936888
396,191.5179395644391,0.0049305837564918445,0.6773777253630743,322.4285057712747,446.27214789746387,181.87042060368597
397,122.78690617149881,0.038681226835281544,0.2304705416869206,132.32684423995772,176.8555899280127,77.9588563368626
398,204.69252603824816,0.0033917307721181254,0.7476851020049624,124.92380407359671,194.8993821492029,73.67598637525221
399,120.2905951487733,0.0428160480516471,0.21679910693578183,224.20060483570467,240.76504845900698,109.49782036704555
400,110.80674071142563,0.10457774435723892,0.1775568303536628,709.4132420292872,704.154783394818,322.7725282158719
401,113.17662770271549,0.10414354807482275,0.18495289898609232,94.84292265196378,94.8151381005773,39.47631852045157
402,109.88890455087972,0.12593912402811788,0.1872578620831078,181.1850549600323,208.66182792113136,85.19974189681112
403,127.14562649688031,0.031149441657518633,0.25817416860156234,605.30208882493,651.8098092499123,301.0267428062065
404,91.34997033374312,0.2134664062008695,0.10095340633956713,1011.9233114715107,871.3185222085926,473.45413886178636
405,110.08243116582496,0.13937300104241487,0.19255291470204758,180.48543179963153,211.6034671879353,84.41382589450151
406,155.31272157993882,0.015608355229624749,0.4743104470942267,417.01792181579486,517.8616135797944,222.52087467931656
407,147.60783217973585,0.014559623820173742,0.408974390960448,422.6490241800522,518.486376631024,227.6196180683777
408,138.5425611934654,0.02538893242890135,0.3388517179232377,508.4266321176922,571.7134771481843,256.4828363784565
409,92.16065146644257,0.1649895138863071,0.09311852573795602,927.7166552630875,838.906894349817,451.25381842961025
410,178.98674064329307,0.005563415580696966,0.634100212359332,323.17703988582747,449.6508922465094,174.7740511241872
411,182.63066530140327,0.005875102851357224,0.6384362167570555,354.18243260378387,503.58587909520566,197.39610844824998
412,195.3888698392851,0.003326950284473152,0.7018912417210795,51.6303563967496,71.22594474093222,28.99841049192874
413,227.719989348884,0.0020343924568953665,0.823009016201402,43.59604229082699,67.54827125191048,24.703790398194514
414,116.4502717207821,0.08614896179451044,0.19529143319585385,243.93528949658852,268.87610698184625,113.43892723417468
415,203.71064077555377,0.002806532948646577,0.7440076909403869,43.53428947795933,62.701751527879594,25.856225223872155
416,90.68833708826419,0.18966320895569463,0.08784819522854337,975.8173667962797,873.9572698697534,410.411707428909
417,106.96103661305428,0.10126539246003526,0.1431282442104452,811.4682000402045,764.5557741163352,372.8626894169483
418,183.03208027557437,0.012081047963037097,0.5913121368589987,149.87436871427929,212.56562092044157,84.36913354736704
419,98.80690134487934,0.13921089405266965,0.11625250536848325,128.12748224111292,114.7770202623721,52.405484487254796
420,161.51264684223318,0.015720615690472322,0.5009206078796473,159.85222146854957,217.01575389764125,91.3364498012087
421,178.26433858736667,0.009870445462322587,0.5815627780937539,157.16004896609317,219.1883172219293,90.80274715341686
422,166.14940750506238,0.011573703866798396,0.5476437417300489,385.02120558406796,488.4422821287742,209.84481253540045
423,180.80745171443746,0.005625030580482333,0.6249650507392452,48.287835102462346,65.97128811616047,27.18447168264164
424,101.77369394619375,0.1694358700710112,0.15394798227896164,121.44868580735562,113.30896015784272,51.42974279803965
425,172.49615100650294,0.008391948235369213,0.5836469897268435,142.23796669888182,196.2339615112827,85.09258180712571
426,153.3271112846471,0.014666803978890192,0.44567407723504165,60.91473305130074,75.09326295927602,32.56951647449355
427,82.16200491474447,0.22949863280676042,0.061715600308672486,1031.8216008058678,893.3679773522989,458.2799058435771
428,104.64051590566113,0.08135065138172644,0.10792439336404945,734.5511080196842,708.7691238697163,335.8878357197844
429,178.78122764822726,0.005484008375205955,0.6401427280109994,328.9461820471619,457.33261488194074,182.8224917995411
430,104.53995936102577,0.09971006124040042,0.118121004550992,842.8213514932327,780.9414978251448,376.5965245196562
431,104.86249182129951,0.11835431729766503,0.13926293766133818,298.1996874171108,291.2106422526048,127.65347095421032
432,134.42374035983036,0.025253141993648726,0.3128916022575889,515.9775587652043,576.7474101153915,261.8509102946239
433,106.9986149944666,0.11904767511346824,0.1580116017323465,795.509018083024,753.8597271392997,374.2316051656135
434,91.34669976901058,0.19351393147529058,0.09859972452182868,321.3969563968337,293.32536912259934,132.8641802815291
435,184.6853472880125,0.0048516819028165716,0.6504924423352145,126.4981638788923,192.36517700907658,82.07332551750068
436,143.62915934374473,0.017272917159142573,0.3732998122063081,116.59074649999165,168.4906732989291,70.92898305925799
437,178.70998593081242,0.013176443538408392,0.5715248150755826,116.74751813644134,177.97307357459124,69.1976541043269
438,93.65643656420461,0.20832931610856575,0.11376066752486402,346.64711944877223,325.94000152817347,154.98658267076758
439,96.07529162002687,0.19242282042225592,0.13029991773370622,309.2050528183465,295.9903655205037,130.12887453026678
440,248.3179608214319,0.0012801707552817555,0.8853068372271861,39.74398814960656,65.36234242798601,22.876160283491043
441,104.03801944223477,0.08180305997469188,0.12311914236338055,243.03227285023502,253.62120918647534,115.5471529064274
442,201.5932117796592,0.004694039418436813,0.7139819982024163,377.91643517128597,540.0777098316449,209.50185568086212
443,175.84567005990252,0.005557331094813506,0.6134419078136014,74.1708467702731,125.69733625692375,52.536442836384644
444,141.38907767946,0.021075791566820892,0.36854889231666066,484.1613045690974,553.4874537198829,251.5810725276307
445,94.09200204556971,0.21538835596427294,0.12356609108206108,986.6622877543972,866.8818732124031,466.23101460533775
446,121.32186724190181,0.042679757107422896,0.2100957245069395,149.8151513444551,194.83389018191085,84.05391537793535
447,113.04440974938818,0.12093364431490365,0.20580876683582816,178.32631446845667,209.747581397946,87.59162537866477
448,98.12307731900707,0.15538909736198855,0.11274300319907082,776.519842176879,728.6094891447448,341.49981697446316
449,120.1952873840094,0.040960470309323316,0.21795909963677718,574.8356534644354,618.4849437540811,285.9065517816919
450,195.9385086724228,0.0046489001513427336,0.6857947726227417,335.1003965382898,480.9225580132745,186.45307306941007
451,123.69022892666068,0.049812591046243526,0.23520444196231893,597.5028166414643,625.4345012206749,274.4986141041132
452,213.59337735238455,0.0014916763402608266,0.7884315379708893,47.34648934418533,68.41269760859485,26.96423096118157
453,178.40267338572872,0.008137160444671788,0.5769745445837651,400.3458582868307,548.5360948653946,221.147401623674
454,184.3458073436876,0.007305560625123902,0.6047491174779296,109.30205916368107,171.75966896127804,66.38700980406816
455,193.21425720580245,0.004228887728570303,0.6832077736181904,140.5330511770783,208.58239494485028,80.69313725600769
456,220.3589715386188,0.0019344439973423492,0.7882276903678894,97.40819311593464,162.51631896903476,58.67666506917112
457,93.08882277066355,0.143073282344401,0.07274257897616195,104.74222339142638,95.32610396943278,39.64106801753527
458,120.34422753912936,0.0668974319859358,0.20966291396180367,219.8926608542416,250.72012949306261,105.63437640474105
459,152.3675225463596,0.014582288556142381,0.4342019594071204,119.5843435511131,171.17164586595118,72.60396628202302
460,87.00247952744321,0.18361508486130007,0.0642837513447372,129.89043038060063,117.48158908294182,55.00969765986488
461,178.93896080339326,0.013473545705612579,0.5659060551220053,121.40277225326004,180.80943054517377,71.7332440476677
462,184.81075751317994,0.007670170729241431,0.5961606569056083,96.2120283960307,145.38603003504218,54.546558040534045
463,215.3195849432907,0.001681713856666422,0.7788588435788192,124.0192170613772,199.7552298766916,76.01639746488105
464,124.17752472150482,0.05653909875091378,0.24440557072472327,125.86181973152141,159.24758975051478,65.9117197381921
465,186.23410864203865,0.00420981774285947,0.6547248228715072,319.54638338962695,455.96624666662336,178.6786272965287
466,113.86124545858706,0.10188537935741444,0.1899193460279651,142.81300198908727,171.4709686132561,72.70614113640784
467,93.09618588290748,0.15316141390494806,0.0827756907241002,952.8635761650431,851.1426305299241,421.5288406433438
468,164.65730397212238,0.00939968598862881,0.5272786106518678,83.22117266817912,131.12372409836135,56.18823666610185
469,106.78892539738287,0.10713347599380234,0.15427680836851412,103.11845316517226,100.69978340320948,43.950083833877976
470,140.26050987646104,0.027233249046797928,0.3479159353237069,515.6170747292294,594.4651533587303,265.34219598602544
471,91.52813894503292,0.21135698253505242,0.10283686276431632,139.52327425663825,123.80187598675097,57.416513253114715
472,160.21665430827193,0.020019682058403442,0.46303770966807356,128.5162329984674,188.34175874810566,74.59583236579448
473,228.25942229627285,0.0009688119879976594,0.8332703496219166,42.43277124649409,66.58065764129095,24.741043640303403
474,209.09105735047865,0.002433111656079347,0.7780795839569311,82.50060758319178,142.2981727016519,49.85929160451212
475,173.74849060062175,0.006226339878551856,0.6015192816846366,76.89454046739475,128.5728372514533,53.86356797677797
476,114.52556668812055,0.0662077787493387,0.1729183998859222,650.1250974398844,645.2141448973172,289.2595069352405
477,88.24017364224501,0.21009765836078642,0.08541013291478601,322.7878123804472,300.7548159968139,134.64938115976165
478,232.81298871442849,0.0008544005038829882,0.8322545315517275,100.80731506595357,173.30018294746105,59.86380597828918
479,96.82100343557634,0.16419857543655353,0.11958980916035288,893.282315786069,805.005497239415,395.23144913350257
480,90.56192081769287,0.17661352120712404,0.0831366983234354,124.34813893898689,114.5174994717072,51.4876839008777
481,149.49933397451628,0.02292249852007518,0.4132016973043771,449.0958197391633,527.135282816767,242.69635278430974
482,99.78272875119679,0.18868925038668097,0.14991717081624942,176.60064741847415,206.12821977728933,90.09239731393798
483,118.03674259640336,0.07271091616197191,0.1855353475245899,233.73712811248438,256.75556674188925,110.58748211057338
484,128.3068709381108,0.033792551586067886,0.2644671465725722,534.1699847920544,583.9945374576076,271.68766126356996
485,103.12571282082058,0.1388170018719442,0.14693729764159583,119.27263405787535,108.93321688875648,50.849787642519345
486,216.42792725397274,0.003440964180625928,0.7654822445574565,130.557158197596,213.33918744896746,81.23403404123333
487,107.2448882095664,0.12426352467590436,0.1646016325422395,99.6499921772529,95.72322202096825,41.79961628836384
488,128.6132276227502,0.030963314426955182,0.2664228971466225,577.1366181009703,628.3556934130273,291.31353717099233
489,164.26615969285038,0.008209409151851404,0.5510388098425826,45.47807438622778,63.11902567343869,27.42225411606069
490,197.24459784639532,0.0029207452753008266,0.7068049680445592,129.44345909853988,200.80704952629856,78.34048519918737
491,188.1498519232388,0.004382250930773787,0.6789325095377516,309.97957699898035,454.9564004781044,179.16890661213972
